{"cameraMode":{"drawMode":0,"name":"Shaded","section":"Shading Mode"},"sceneLighting":true,"audioPlay":false,"sceneViewState":{"m_AlwaysRefresh":false,"showFog":true,"showSkybox":true,"showFlares":true,"showImageEffects":true,"showParticleSystems":true,"showVisualEffectGraphs":true,"m_FxEnabled":false},"in2DMode":false,"pivot":{"x":2.4382059574127199,"y":1.4839096069335938,"z":-6.755069255828857},"rotation":{"x":-0.11121915280818939,"y":-0.07627318799495697,"z":-0.01925082318484783,"w":-0.9926453828811646},"size":0.23530691862106324,"orthographic":false}