{"cameraMode":{"drawMode":0,"name":"Shaded","section":"Shading Mode"},"sceneLighting":true,"audioPlay":false,"sceneViewState":{"m_AlwaysRefresh":false,"showFog":true,"showSkybox":true,"showFlares":true,"showImageEffects":true,"showParticleSystems":true,"showVisualEffectGraphs":true,"m_FxEnabled":false},"in2DMode":false,"pivot":{"x":530.3612670898438,"y":215.85733032226563,"z":64.64317321777344},"rotation":{"x":0.04268339276313782,"y":-0.09864531457424164,"z":-0.012692997232079506,"w":-0.9954108595848084},"size":218.2707061767578,"orthographic":false}