{"cameraMode":{"drawMode":0,"name":"Shaded","section":"Shading Mode"},"sceneLighting":true,"audioPlay":false,"sceneViewState":{"m_AlwaysRefresh":false,"showFog":true,"showSkybox":true,"showFlares":true,"showImageEffects":true,"showParticleSystems":true,"showVisualEffectGraphs":true,"m_FxEnabled":false},"in2DMode":false,"pivot":{"x":2.485534906387329,"y":0.9517207741737366,"z":-6.2580084800720219},"rotation":{"x":-0.1045222356915474,"y":-0.09413619339466095,"z":-0.019664308056235315,"w":-0.9900094866752625},"size":0.12197817116975784,"orthographic":false}