{"cameraMode":{"drawMode":0,"name":"Shaded","section":"Shading Mode"},"sceneLighting":true,"audioPlay":false,"sceneViewState":{"m_AlwaysRefresh":false,"showFog":true,"showSkybox":true,"showFlares":true,"showImageEffects":true,"showParticleSystems":true,"showVisualEffectGraphs":true,"m_FxEnabled":false},"in2DMode":false,"pivot":{"x":3.752070903778076,"y":-0.5590628385543823,"z":2.3212270736694338},"rotation":{"x":0.11156721413135529,"y":0.04420140013098717,"z":0.0023667786736041309,"w":0.9939988851547241},"size":5.083217620849609,"orthographic":false}