{"cameraMode":{"drawMode":0,"name":"Shaded","section":"Shading Mode"},"sceneLighting":true,"audioPlay":false,"sceneViewState":{"m_AlwaysRefresh":false,"showFog":true,"showSkybox":true,"showFlares":true,"showImageEffects":true,"showParticleSystems":true,"showVisualEffectGraphs":true,"m_FxEnabled":false},"in2DMode":false,"pivot":{"x":2.8184070587158205,"y":-2.478911876678467,"z":12.74106216430664},"rotation":{"x":-0.12601971626281739,"y":0.031265806406736377,"z":-0.00957335252314806,"w":-0.9926395416259766},"size":12.12435531616211,"orthographic":false}