{"cameraMode":{"drawMode":0,"name":"Shaded","section":"Shading Mode"},"sceneLighting":true,"audioPlay":false,"sceneViewState":{"m_AlwaysRefresh":false,"showFog":true,"showSkybox":true,"showFlares":true,"showImageEffects":true,"showParticleSystems":true,"showVisualEffectGraphs":true,"m_FxEnabled":false},"in2DMode":false,"pivot":{"x":3.969027280807495,"y":1.5023707151412964,"z":-7.0564470291137699},"rotation":{"x":0.1710558533668518,"y":0.000618702091742307,"z":0.013613913208246231,"w":0.9867469668388367},"size":0.1281115710735321,"orthographic":false}