{"cameraMode":{"drawMode":0,"name":"Shaded","section":"Shading Mode"},"sceneLighting":true,"audioPlay":false,"sceneViewState":{"m_AlwaysRefresh":false,"showFog":true,"showSkybox":true,"showFlares":true,"showImageEffects":true,"showParticleSystems":true,"showVisualEffectGraphs":true,"m_FxEnabled":false},"in2DMode":false,"pivot":{"x":2.750143051147461,"y":1.5047439336776734,"z":-5.582172393798828},"rotation":{"x":0.04974783957004547,"y":-0.005351013503968716,"z":0.02963118813931942,"w":0.9983236193656921},"size":0.25214824080467226,"orthographic":false}