{"cameraMode":{"drawMode":0,"name":"Shaded","section":"Shading Mode"},"sceneLighting":true,"audioPlay":false,"sceneViewState":{"m_AlwaysRefresh":false,"showFog":true,"showSkybox":true,"showFlares":true,"showImageEffects":true,"showParticleSystems":true,"showVisualEffectGraphs":true,"m_FxEnabled":false},"in2DMode":false,"pivot":{"x":440.2555236816406,"y":276.0487365722656,"z":27.82623291015625},"rotation":{"x":-0.14806915819644929,"y":-0.013994645327329636,"z":0.005728165153414011,"w":-0.989488422870636},"size":273.08953857421877,"orthographic":false}